{
	"toolbar": {
		"fill": "Fill",
		"transform": "Transform",
		"position": "Position",
		"move_up": "Move Up",
		"move_down": "Move Down",
		"reset": "Reset",
		"font_size": "Font Size",
		"line_height": "Line Height",
		"bold": "Bold",
		"italic": "Italic",
		"underline": "Underline",
		"text_align": "Text Alignment",
		"stroke": "Stroke",
		"curved_text": "Curved Text",
		"edit_text": "Edit Text",
		"color": "Color",
		"filters": "Filters",
		"patterns": "Patterns",
		"transparency": "Transparency",
		"no_filter": "No Filter",
		"grayscale": "Grayscale",
		"sepia": "Sepia",
		"sepia2": "Sepia Second",
		"align_left": "Align Left",
		"align_top": "Align Top",
		"align_right": "Align Right",
		"align_bottom": "Align Bottom",
		"center_h": "Center Horizontal",
		"center_v": "Center Vertical",
		"flip_h": "Flip Horizontal",
		"flip_v": "Flip Vertical",
		"curved_text_switch": "Switch",
		"curved_text_reverse": "Reverse",
		"radius": "Radius",
		"spacing": "Spacing",
		"letter_spacing": "Letter Spacing"
	},
	"actions": {
		"reset_product": "Reset",
		"zoom": "Zoom",
		"magnify_glass": "Magnify Glass",
		"download": "Download",
		"info": "Info",
		"info_content": "Content for the Info Action Button. Change content via language JSON.",
		"print": "Print",
		"save": "Save",
		"load": "Load",
		"manage_layers": "Manage Layers",
		"qr_code": "Add QR-Code",
		"qr_code_input": "Enter a URL, some text...",
		"qr_code_add_btn": "Add QR-Code",
		"undo": "Undo",
		"redo": "Redo",
		"snap": "Center Snap",
		"preview_lightbox": "Preview",
		"save_placeholder": "Optional: Enter a title",
		"ruler": "Toggle Ruler",
		"previous_view": "Previous View",
		"next_view": "Next View"
	},
	"modules": {
		"products": "Swap Product",
		"images": "Add Image",
		"upload_zone": "Click or drop images here",
		"facebook_select_album": "Select An Album",
		"instagram_recent_photos_button": "My Recent Photos",
		"instagram_like_photos_button": "My Liked Photos",
		"text": "Add Text",
		"text_input_placeholder": "Enter some text",
		"text_add_btn": "Add Text",
		"designs": "Choose From Designs",
		"designs_search_in": "Search in",
		"manage_layers": "Manage Layers"
	},
	"misc": {
		"initializing": "Initializing Product Designer",
		"out_of_bounding_box": "Move element in its containment!",
		"product_saved": "Product Saved!",
		"loading_image": "Loading Image...",
		"uploaded_image_size_alert" : "Sorry! But the uploaded image size does not conform our indication of size.<br />Minimum Width: %minW pixels<br />Minimum Height: %minH pixels<br />Maximum Width: %maxW pixels<br />Maximum Height: %maxH pixels",
		"modal_done": "Done",
		"minimum_dpi_info": "The JPEG image does not have the required DPI of %dpi.",
		"maximum_size_info": "The image %filename exceeds the maximum file size of %mbMB.",
		"customization_button": "Customize",
		"woocommerce_catalog:_add_to_cart": "Customize",
		"woocommerce_order:_email_view_customized_product" : "View Customized Product",
		"shortcode_order:_success_sent": "The order has been successfully sent to the site owner!",
		"shortcode_order:_fail_sent": "The order could not be sent. Please try again or contact the site owner!",
		"not_supported_device_info": "Sorry! But the product designer can not be displayed on your device. Please use a device with a larger screen!",
		"share:_button": "Share Design",
		"share:_process": "An unique URL to share will be created for you...",
		"share:_default_text": "Check out my design!",
		"cart:_re-edit product": "Click here to re-edit",
		"customization_required_info": "You need to customize the default design!",
		"get_a_quote": "Get a quote",
		"image_added": "Image Added!",
		"reset_confirm": "Are you sure to reset everything?",
		"popup_blocker_alert": "Please disable your pop-up blocker and try again.",
		"shortcode_form:send": "Send",
		"shortcode_form:name_placeholder": "Enter your name here",
		"shortcode_form:email_placeholder": "Enter your email here",
		"login_required_info": "You need to be logged in to upload images!",
		"loading_product": "Loading product...",
		"product_loading_fail": "Product could not be loaded. Please try again!"
	},
	"plus": {
		"names_numbers": "Names & Numbers",
		"names_numbers_add_new": "Add New",
		"drawing": "Free Drawing",
		"drawing_brush_type": "Brush Type",
		"drawing_pencil": "Pencil",
		"drawing_circle": "Circle",
		"drawing_spray": "Spray",
		"drawing_color": "Color",
		"drawing_line_width": "Line Width",
		"drawing_draw_here": "Draw Here",
		"drawing_clear": "Clear",
		"drawing_add": "Add",
		"bulk_add_variations_title": "Bulk Order",
		"bulk_add_variations_add": "Add",
		"bulk_add_variations_term": "Please set all variations in the Bulk Order panel correctly!"
	}
}